<?xml version="1.0" encoding="utf-8"?>
<extension type="package" version="3.9" method="upgrade">
	<name>xbFilms Package</name>
	<packagename>xbfilms</packagename>
	<version>1.1.0.0</version>
	<creationDate>18th February 2023</creationDate>
	<author>Roger C-O</author>
	<copyright>Copyright (c) Roger Creagh-Osborne, 2021. All rights reserved.</copyright>
	<license>GNU/GPLv3 http://www.gnu.org/licenses/gpl-3.0.html</license>
	<authorEmail>roger@crosborne.co.uk</authorEmail>
	<authorUrl>www.crosborne.co.uk</authorUrl>
	<xbfilms_version>1.1.0.0</xbfilms_version>
	<xbpeople_version>1.1.0.0</xbpeople_version>
	<url>https://www.crosborne.co.uk/xbfilms</url>
	<packager>Roger C-O</packager>
	<packagerurl>https://www.crosborne.co.uk/xbfilms</packagerurl>
	<description>Package contains xbFilms and xbPeople Components for managing a catalogue of films and reviews with associated people</description>
	<updateservers>
	    <server type="extension" priority="1" name="xbFilms Package">
	    	https://crosborne.co.uk/jupdates/update_pkg_xbfilms.xml
	    </server>
	</updateservers>
	<scriptfile>pkg_xbfilms_script.php</scriptfile>
	<files folder="packages">
		<file type="component" id="com_xbpeople" >com_xbpeople_v1.1.0.0.zip</file>
		<file type="component" id="com_xbfilms" >com_xbfilms_v1.1.0.0.zip</file>
	</files>
</extension>
